Name,Website,Trust Center
Google Workspace,https://workspace.google.com/,https://cloud.google.com/security/compliance/compliance-reports-manager
Contentsquare,https://contentsquare.com/,https://trust.contentsquare.com/
Heap,https://www.heap.io/,https://trust.contentsquare.com/?product=heapio
HotJar,https://www.hotjar.com/,https://trust.contentsquare.com/?product=hotjar
Mixpanel,https://mixpanel.com/,https://trust.mixpanel.com/
MongoDB,https://mongodb.com/,https://trust.mongodb.com/
Notion,https://www.notion.com/,https://public-profile.whistic.com/8e45fdd3-e2fe-4742-852b-ac509b13d0d1
Remote,https://remote.com/,https://trust.remote.com/
Segment,https://segment.com/,https://security.segment.com/
Rippling,,https://www.rippling.com/security
Clockwise,,https://www.getclockwise.com/contact/security
Chargeflow,https://chargeflow.io/,https://trust.chargeflow.io/
ChartMogul,,https://chartmogul.com/security/
Cloudflare,,https://dash.cloudflare.com/?to=/:account/compliance-docs
Carta,carta.com,https://trust.carta.com/
Devin,condition.ai,https://trust.cognition.ai/
Ghost,,https://ghost.org/docs/security/
Grain,grain.com,https://trust.grain.com/
Huggingface,,https://huggingface.co/docs/hub/security
Lattice,lattice.com,https://trustcenter.lattice.com/
Loom,,https://www.atlassian.com/trust/compliance/resources/soc2
Metabase,metabase.com,https://trust.metabase.com/
Microsoft,microsoft.com,https://servicetrust.microsoft.com/
Wisprflow,https://wisprflow.ai/,https://app.delve.co/wispr-flow
Linear,linear.app,https://trustcenter.linear.app/
Modal,,https://modal.com/docs/guide/security
MotherDuck,,https://motherduck.com/trust-and-security/#Compliance
Parasail,parasail.io,https://trust.parasail.io/
Ramp,ramp.com,https://trust.ramp.com/
Rewardful,rewardful.com,https://trust.rewardful.com/
Typeform,typeform.com,https://trust.typeform.com/
Vespa.ai,vespa.ai,https://trust.vespa.ai/
Webflow,webflow.com,https://trust.webflow.com/
Weights & Biases,,https://wandb.ai/site/security/
Zapier,zapier.com,https://trust.zapier.com/
Pave,,https://www.pave.com/security-and-privacy
Okta,okta.com,https://trust.okta.com
Hex,hex.tech,https://trust.hex.tech/
Atlassian,,https://www.atlassian.com/trust/compliance/resources/soc2
PagerDuty,,