name,website,trustCenter,platform,iconUrl
11x,https://www.11x.ai/,https://trust.delve.co/11x,Delve,https://www.google.com/s2/favicons?domain=11x.ai&sz=128
1Password,https://1password.com/,https://app.conveyor.com/profile/1password,Conveyor,https://www.google.com/s2/favicons?domain=1password.com&sz=128
Abacum,https://www.abacum.ai/,https://trust.abacum.ai,Vanta,https://www.google.com/s2/favicons?domain=https://www.abacum.ai/&sz=128
Abel,https://www.tryabel.com,https://trust.tryabel.com,Oneleet,https://www.google.com/s2/favicons?domain=https://www.tryabel.com&sz=128
Abel Police,http://abelpolice.com,https://trust.abelpolice.com,Vanta,https://www.google.com/s2/favicons?domain=http://abelpolice.com&sz=128
Activepieces,https://www.activepieces.com,https://trust.activepieces.com,Vanta,https://www.google.com/s2/favicons?domain=https://www.activepieces.com&sz=128
Affil.ai,https://affil.ai/,https://trust.affil.ai,Oneleet,https://www.google.com/s2/favicons?domain=https://affil.ai/&sz=128
Affinity,https://itsaffinity.com,https://trust.itsaffinity.com,Oneleet,https://www.google.com/s2/favicons?domain=https://itsaffinity.com&sz=128
AfterQuery,https://afterquery.com,https://trust.afterquery.com,Delve,https://www.google.com/s2/favicons?domain=https://afterquery.com&sz=128
Agentnoon,https://agentnoon.com,https://trust.agentnoon.com,Self-hosted,https://www.google.com/s2/favicons?domain=https://agentnoon.com&sz=128
AgileMD,https://agilemd.com,https://trust.agilemd.com,Vanta,https://www.google.com/s2/favicons?domain=https://agilemd.com&sz=128
Aglide,https://aglide.com,https://trust.aglide.com,Oneleet,https://www.google.com/s2/favicons?domain=https://aglide.com&sz=128
Airbyte,https://airbyte.com/,https://trust.airbyte.com,Vanta,https://www.google.com/s2/favicons?domain=https://airbyte.com/&sz=128
AiSDR,https://aisdr.com/,https://trust.aisdr.com,Vanta,https://www.google.com/s2/favicons?domain=https://aisdr.com/&sz=128
Akute Health,https://www.akutehealth.com,https://trust.akutehealth.com,Vanta,https://www.google.com/s2/favicons?domain=https://www.akutehealth.com&sz=128
Alguna,https://alguna.io,https://trust.alguna.io,Oneleet,https://www.google.com/s2/favicons?domain=https://alguna.io&sz=128
Alpaca,https://alpaca.markets/,https://trust.alpaca.markets,Vanta,https://www.google.com/s2/favicons?domain=https://alpaca.markets/&sz=128
AlphaWatch AI,https://alphawatch.ai,https://trust.alphawatch.ai,Vanta,https://www.google.com/s2/favicons?domain=https://alphawatch.ai&sz=128
Amazon Web Services,https://aws.amazon.com,https://aws.amazon.com/trust-center,Other,https://www.google.com/s2/favicons?domain=aws.amazon.com&sz=128
AmpUp,https://ampup.io,https://trust.ampup.io,Vanta,https://www.google.com/s2/favicons?domain=https://ampup.io&sz=128
Anchor,https://getanchor.co/,https://trust.getanchor.co,Vanta,https://www.google.com/s2/favicons?domain=https://getanchor.co/&sz=128
Anima App,https://www.animaapp.com,https://trust.animaapp.com,Vanta,https://www.google.com/s2/favicons?domain=https://www.animaapp.com&sz=128
Aptible,https://www.aptible.com,https://trust.aptible.com,Conveyor,https://www.google.com/s2/favicons?domain=https://www.aptible.com&sz=128
Aragorn AI,https://www.aragorn.ai,https://security.aragorn.ai,Vanta,https://www.google.com/s2/favicons?domain=aragorn.ai&sz=128
Archbee,https://www.archbee.com,https://security.archbee.com,Vanta,https://www.google.com/s2/favicons?domain=archbee.com&sz=128
Arist,https://www.arist.co,https://trust.arist.co,Secureframe,https://www.google.com/s2/favicons?domain=https://www.arist.co&sz=128
Artie,https://www.artie.com/,https://trust.artie.com,Vanta,https://www.google.com/s2/favicons?domain=https://www.artie.com/&sz=128
Artos,https://www.artosai.com/,https://trust.artosai.com,Oneleet,https://www.google.com/s2/favicons?domain=https://www.artosai.com/&sz=128
Atla,https://www.atla-ai.com/,https://trust.atla-ai.com,Oneleet,https://www.google.com/s2/favicons?domain=https://www.atla-ai.com/&sz=128
Atomic,https://www.atomicvest.com/,https://trust.atomicvest.com,Vanta,https://www.google.com/s2/favicons?domain=https://www.atomicvest.com/&sz=128
Autotab,https://autotab.com,https://trust.autotab.com,Oneleet,https://www.google.com/s2/favicons?domain=https://autotab.com&sz=128
AviaryAI,http://www.helloaviary.ai,https://trust.helloaviary.ai,Oneleet,https://www.google.com/s2/favicons?domain=http://www.helloaviary.ai&sz=128
Aviator,https://aviator.co,https://trust.aviator.co,Secureframe,https://www.google.com/s2/favicons?domain=https://aviator.co&sz=128
Avo,https://www.avo.app/,https://security.avo.app,Vanta,https://www.google.com/s2/favicons?domain=avo.app&sz=128
Axle,https://axle.insure,https://trust.axle.insure,Vanta,https://www.google.com/s2/favicons?domain=https://axle.insure&sz=128
Belvo,https://belvo.com,https://trust.belvo.com,Vanta,https://www.google.com/s2/favicons?domain=https://belvo.com&sz=128
Benchify,https://www.benchify.com,https://trust.benchify.com,Oneleet,https://www.google.com/s2/favicons?domain=https://www.benchify.com&sz=128
Betterment,https://betterment.com/,https://trust.betterment.com/,Conveyor,https://www.google.com/s2/favicons?domain=betterment.com&sz=128
BillionToOne,https://www.billiontoone.com,https://trust.billiontoone.com,SafeBase,https://www.google.com/s2/favicons?domain=https://www.billiontoone.com&sz=128
Bland,https://www.bland.ai/,https://trust.delve.co/blandai,Delve,https://www.google.com/s2/favicons?domain=bland.ai&sz=128
Blast,https://withblast.com,https://trust.withblast.com,Oneleet,https://www.google.com/s2/favicons?domain=https://withblast.com&sz=128
BrainKey,https://www.brainkey.ai/,https://trust.brainkey.ai,Vanta,https://www.google.com/s2/favicons?domain=https://www.brainkey.ai/&sz=128
BrioHR,https://briohr.com/,https://trust.briohr.com,Oneleet,https://www.google.com/s2/favicons?domain=https://briohr.com/&sz=128
Broccoli AI,https://www.broccoli.com/,https://trust.broccoli.com,Oneleet,https://www.google.com/s2/favicons?domain=https://www.broccoli.com/&sz=128
Bunkerhill Health,http://bunkerhillhealth.com,https://trust.bunkerhillhealth.com,Vanta,https://www.google.com/s2/favicons?domain=http://bunkerhillhealth.com&sz=128
Buster,http://buster.so,https://trust.buster.so,Oneleet,https://www.google.com/s2/favicons?domain=http://buster.so&sz=128
Caf√©,https://at.cafe,https://trust.at.cafe,Vanta,https://www.google.com/s2/favicons?domain=https://at.cafe&sz=128
Candid Health,https://www.joincandidhealth.com,https://trust.joincandidhealth.com,SafeBase,https://www.google.com/s2/favicons?domain=https://www.joincandidhealth.com&sz=128
CaptivateIQ,https://www.captivateiq.com,https://trust.captivateiq.com,Vanta,https://www.google.com/s2/favicons?domain=https://www.captivateiq.com&sz=128
Carbonfact,http://www.carbonfact.com,https://trust.carbonfact.com,Vanta,https://www.google.com/s2/favicons?domain=http://www.carbonfact.com&sz=128
CareSwift,https://www.careswift.com/,https://compliance.careswift.com,Vanta,https://www.google.com/s2/favicons?domain=careswift.com&sz=128
Carta,https://carta.com/,https://trust.carta.com/,Conveyor,https://www.google.com/s2/favicons?domain=carta.com&sz=128
Casco,https://casco.com,https://trust.casco.com,Vanta,https://www.google.com/s2/favicons?domain=casco.com&sz=128
Castle,https://castle.io,https://trust.castle.io,Vanta,https://www.google.com/s2/favicons?domain=https://castle.io&sz=128
Centauri AI,https://centauri-ai.tech,https://trust.centauri-ai.tech,Vanta,https://www.google.com/s2/favicons?domain=https://centauri-ai.tech&sz=128
Centralize,https://www.usecentralize.com/,https://trust.usecentralize.com,Oneleet,https://www.google.com/s2/favicons?domain=https://www.usecentralize.com/&sz=128
Cero,https://cero.ai,https://trust.cero.ai,Vanta,https://www.google.com/s2/favicons?domain=https://cero.ai&sz=128
Chargeflow,https://chargeflow.io/,https://trust.chargeflow.io/,Vanta,https://www.google.com/s2/favicons?domain=chargeflow.io&sz=128
Chariot,https://givechariot.com/,https://trust.givechariot.com,Oneleet,https://www.google.com/s2/favicons?domain=https://givechariot.com/&sz=128
Charityvest,https://www.charityvest.org,https://trust.charityvest.org,Vanta,https://www.google.com/s2/favicons?domain=https://www.charityvest.org&sz=128
Chatwoot,https://www.chatwoot.com,https://trust.chatwoot.com,Vanta,https://www.google.com/s2/favicons?domain=https://www.chatwoot.com&sz=128
Checkr,https://checkr.com/,https://security.checkr.com/,SafeBase,https://www.google.com/s2/favicons?domain=checkr.com&sz=128
Chunkr,https://chunkr.ai/,https://trust.chunkr.ai,Oneleet,https://www.google.com/s2/favicons?domain=https://chunkr.ai/&sz=128
Ciro,https://www.ciro.io/,https://trust.ciro.io,Oneleet,https://www.google.com/s2/favicons?domain=https://www.ciro.io/&sz=128
ClaimSorted,https://claimsorted.com,https://trust.claimsorted.com,Oneleet,https://www.google.com/s2/favicons?domain=https://claimsorted.com&sz=128
Clarion,https://clarionhealth.com,https://trust.clarionhealth.com,Vanta,https://www.google.com/s2/favicons?domain=https://clarionhealth.com&sz=128
CloudCruise,https://cloudcruise.com,https://trust.cloudcruise.com,Oneleet,https://www.google.com/s2/favicons?domain=https://cloudcruise.com&sz=128
Cloudglue,https://cloudglue.dev,https://trust.cloudglue.dev,Oneleet,https://www.google.com/s2/favicons?domain=https://cloudglue.dev&sz=128
Cluely,https://cluely.com/,https://trust.delve.co/cluely,Delve,https://www.google.com/s2/favicons?domain=cluely.com&sz=128
Coast,https://trycoast.com,https://trust.trycoast.com,Vanta,https://www.google.com/s2/favicons?domain=https://trycoast.com&sz=128
Cocoon,http://cocoon.com,https://trust.cocoon.com,Vanta,https://www.google.com/s2/favicons?domain=http://cocoon.com&sz=128
Code Rabbit,https://coderabbit.ai/,https://trust.coderabbit.ai/,Sprinto,https://www.google.com/s2/favicons?domain=coderabbit.ai&sz=128
Cognition,https://www.cognition.ai/,https://trust.cognition.ai/,SafeBase,https://www.google.com/s2/favicons?domain=cognition.ai&sz=128
CoLab,http://colabsoftware.com,https://trust.colabsoftware.com,Vanta,https://www.google.com/s2/favicons?domain=http://colabsoftware.com&sz=128
CoLoop,https://coloop.ai/,https://trust.coloop.ai,Vanta,https://www.google.com/s2/favicons?domain=https://coloop.ai/&sz=128
Complete,https://complete.so,https://security.complete.so,Vanta,https://www.google.com/s2/favicons?domain=complete.so&sz=128
Complif,https://complif.com,https://trust.complif.com,Vanta,https://www.google.com/s2/favicons?domain=https://complif.com&sz=128
Conduit,https://conduit.ai/?utm_source=referral&utm_medium=organic&utm_campaign=ycombinator,https://trust.conduit.ai/?utm_source=referral&utm_medium=organic&utm_campaign=ycombinator,Oneleet,https://www.google.com/s2/favicons?domain=https://conduit.ai/?utm_source=referral&utm_medium=organic&utm_campaign=ycombinator&sz=128
Constructable,https://www.constructable.ai/,https://trust.constructable.ai,Sprinto,https://www.google.com/s2/favicons?domain=https://www.constructable.ai/&sz=128
Contentsquare,https://contentsquare.com/,https://trust.contentsquare.com/,SafeBase,https://www.google.com/s2/favicons?domain=contentsquare.com&sz=128
Contour,https://trycontour.com,https://trust.trycontour.com,Oneleet,https://www.google.com/s2/favicons?domain=https://trycontour.com&sz=128
Conveo,https://conveo.ai/,https://trust.conveo.ai,Vanta,https://www.google.com/s2/favicons?domain=https://conveo.ai/&sz=128
Convex,https://www.convex.com,https://trust.convex.com,Vanta,https://www.google.com/s2/favicons?domain=https://www.convex.com&sz=128
Convictional,https://convictional.com,https://trust.convictional.com,Vanta,https://www.google.com/s2/favicons?domain=https://convictional.com&sz=128
Convoy,https://getconvoy.io,https://trust.getconvoy.io,Vanta,https://www.google.com/s2/favicons?domain=https://getconvoy.io&sz=128
Cortex,https://cortex.io/,https://trust.cortex.io,Vanta,https://www.google.com/s2/favicons?domain=https://cortex.io/&sz=128
Credal.ai,https://credal.ai,https://trust.credal.ai,SafeBase,https://www.google.com/s2/favicons?domain=https://credal.ai&sz=128
Crossbeam,https://www.crossbeam.com/,https://security.crossbeam.com/,SafeBase,https://www.google.com/s2/favicons?domain=crossbeam.com&sz=128
CTGT,https://www.ctgt.ai/,https://trust.ctgt.ai,Oneleet,https://www.google.com/s2/favicons?domain=https://www.ctgt.ai/&sz=128
cubic,https://cubic.dev/,https://trust.cubic.dev,Oneleet,https://www.google.com/s2/favicons?domain=cubic.dev&sz=128
Cuckoo Labs,https://www.cuckoo.so/,https://trust.cuckoo.so,Vanta,https://www.google.com/s2/favicons?domain=https://www.cuckoo.so/&sz=128
Curri,http://www.curri.com,https://trust.curri.com,Vanta,https://www.google.com/s2/favicons?domain=http://www.curri.com&sz=128
Cursor,https://cursor.com/,https://trust.cursor.com/,Vanta,https://www.google.com/s2/favicons?domain=cursor.com&sz=128
Dagger,https://dagger.io,https://trust.dagger.io,Vanta,https://www.google.com/s2/favicons?domain=https://dagger.io&sz=128
Daily,https://daily.co,https://trust.daily.co,Vanta,https://www.google.com/s2/favicons?domain=https://daily.co&sz=128
DailyBot,https://www.dailybot.com/,https://trust.dailybot.com,Vanta,https://www.google.com/s2/favicons?domain=https://www.dailybot.com/&sz=128
Dashworks,http://www.dashworks.ai,https://security.dashworks.ai,Vanta,https://www.google.com/s2/favicons?domain=dashworks.ai&sz=128
Datacurve,https://datacurve.ai/,https://trust.datacurve.ai,Vanta,https://www.google.com/s2/favicons?domain=https://datacurve.ai/&sz=128
Deepnote,https://www.deepnote.com/,https://security.deepnote.com,Vanta,https://www.google.com/s2/favicons?domain=deepnote.com&sz=128
DeepSource,https://deepsource.com/,https://trust.deepsource.com,Vanta,https://www.google.com/s2/favicons?domain=https://deepsource.com/&sz=128
Delve,https://delve.co/,https://trust.delve.co/,Delve,https://www.google.com/s2/favicons?domain=delve.co&sz=128
DemandSphere,https://www.demandsphere.com/,https://trust.demandsphere.com,Vanta,https://www.google.com/s2/favicons?domain=https://www.demandsphere.com/&sz=128
Demodesk,https://demodesk.com,https://security.demodesk.com/,Vanta,https://www.google.com/s2/favicons?domain=https://demodesk.com&sz=128
DevCycle,http://devcycle.com,https://trust.devcycle.com,Vanta,https://www.google.com/s2/favicons?domain=http://devcycle.com&sz=128
Dexter,https://www.getdexter.co/,https://trust.getdexter.co,Oneleet,https://www.google.com/s2/favicons?domain=https://www.getdexter.co/&sz=128
Diligent,https://godiligent.ai,https://trust.godiligent.ai,Oneleet,https://www.google.com/s2/favicons?domain=https://godiligent.ai&sz=128
Dimely,https://dimely.com/,https://trust.dimely.com,Oneleet,https://www.google.com/s2/favicons?domain=https://dimely.com/&sz=128
Disclo,http://www.disclo.com,https://trust.disclo.com,Vanta,https://www.google.com/s2/favicons?domain=http://www.disclo.com&sz=128
Docsum,https://www.docsum.ai/,https://trust.docsum.ai,Oneleet,https://www.google.com/s2/favicons?domain=https://www.docsum.ai/&sz=128
Dojah Inc,https://www.dojah.io,https://dojah.io/trust-center,Self-hosted,https://www.google.com/s2/favicons?domain=dojah.io&sz=128
Doppler,https://doppler.com,https://trust.doppler.com,Vanta,https://www.google.com/s2/favicons?domain=https://doppler.com&sz=128
Draftwise,https://www.draftwise.com/,https://security.draftwise.com,Vanta,https://www.google.com/s2/favicons?domain=draftwise.com&sz=128
Drata,https://drata.com/,https://trust.drata.com/,SafeBase,https://www.google.com/s2/favicons?domain=drata.com&sz=128
Dropbox,http://dropbox.com,https://trust.dropbox.com,Self-hosted,https://www.google.com/s2/favicons?domain=http://dropbox.com&sz=128
Duffel,https://duffel.com/,https://trust.duffel.com,Vanta,https://www.google.com/s2/favicons?domain=https://duffel.com/&sz=128
EasyPost,http://easypost.com,https://trust.easypost.com,Vanta,https://www.google.com/s2/favicons?domain=http://easypost.com&sz=128
Edge,https://withedge.com,https://trust.withedge.com,Vanta,https://www.google.com/s2/favicons?domain=https://withedge.com&sz=128
Edgedive,https://edgedive.com,https://trust.edgedive.com,Vanta,https://www.google.com/s2/favicons?domain=https://edgedive.com&sz=128
Elayne,https://www.elayne.com/,https://trust.elayne.com,Oneleet,https://www.google.com/s2/favicons?domain=https://www.elayne.com/&sz=128
Embrace,https://embrace.io,https://trust.embrace.io,Vanta,https://www.google.com/s2/favicons?domain=https://embrace.io&sz=128
Encord,https://encord.com,https://trust.encord.com,Vanta,https://www.google.com/s2/favicons?domain=https://encord.com&sz=128
Epsilon3,https://www.epsilon3.io/,https://trust.epsilon3.io,Vanta,https://www.google.com/s2/favicons?domain=https://www.epsilon3.io/&sz=128
Eudia,https://eudia.com/,https://trust.eudia.com/,SafeBase,https://www.google.com/s2/favicons?domain=eudia.com&sz=128
Expo,https://expo.dev,https://expo.dev/trust,SafeBase,https://www.google.com/s2/favicons?domain=expo.dev&sz=128
Fathom,https://fathom.video,https://trust.fathom.video,Vanta,https://www.google.com/s2/favicons?domain=https://fathom.video&sz=128
Fazeshift,https://www.fazeshift.com/,https://trust.fazeshift.com,Vanta,https://www.google.com/s2/favicons?domain=https://www.fazeshift.com/&sz=128
Feroot Security,https://www.feroot.com,https://trust.feroot.com,Vanta,https://www.google.com/s2/favicons?domain=https://www.feroot.com&sz=128
Figma,https://figma.com/,https://compliance.figma.com/,Conveyor,https://www.google.com/s2/favicons?domain=figma.com&sz=128
Findly,https://www.findly.ai/join,https://trust.findly.ai/join,Oneleet,https://www.google.com/s2/favicons?domain=https://www.findly.ai/join&sz=128
Fintoc,https://fintoc.com,https://compliance.fintoc.com,Vanta,https://www.google.com/s2/favicons?domain=fintoc.com&sz=128
Firecrawl,https://www.firecrawl.dev,https://trust.firecrawl.dev,Vanta,https://www.google.com/s2/favicons?domain=https://www.firecrawl.dev&sz=128
Firezone,https://www.firezone.dev,https://trust.firezone.dev,Oneleet,https://www.google.com/s2/favicons?domain=https://www.firezone.dev&sz=128
Flagright,https://flagright.com,https://trust.flagright.com,Vanta,https://www.google.com/s2/favicons?domain=https://flagright.com&sz=128
Flaviar,https://flaviar.com,https://trust.flaviar.com,Vanta,https://www.google.com/s2/favicons?domain=https://flaviar.com&sz=128
Float Health,https://floathealth.com/,https://trust.floathealth.com,Vanta,https://www.google.com/s2/favicons?domain=https://floathealth.com/&sz=128
Flower,https://flower.ai,https://trust.flower.ai,Vanta,https://www.google.com/s2/favicons?domain=https://flower.ai&sz=128
FlutterFlow,https://flutterflow.io,https://trust.flutterflow.io,Vanta,https://www.google.com/s2/favicons?domain=https://flutterflow.io&sz=128
Formance,https://formance.com,https://trust.formance.com,Vanta,https://www.google.com/s2/favicons?domain=https://formance.com&sz=128
Fountain,http://fountain.com,https://trust.fountain.com,Vanta,https://www.google.com/s2/favicons?domain=http://fountain.com&sz=128
Fresco,https://fresco-ai.com/,https://trust.fresco-ai.com,Oneleet,https://www.google.com/s2/favicons?domain=https://fresco-ai.com/&sz=128
Front,https://front.com,https://trust.front.com,Vanta,https://www.google.com/s2/favicons?domain=https://front.com&sz=128
Gaiia,http://gaiia.com,https://trust.gaiia.com,SafeBase,https://www.google.com/s2/favicons?domain=http://gaiia.com&sz=128
Gather,https://www.gather.town/,https://trust.gather.town,Vanta,https://www.google.com/s2/favicons?domain=https://www.gather.town/&sz=128
Gecko Robotics,https://www.geckorobotics.com,https://trust.geckorobotics.com,Vanta,https://www.google.com/s2/favicons?domain=https://www.geckorobotics.com&sz=128
GhostEye,https://ghosteye.ai,https://trust.ghosteye.ai,Oneleet,https://www.google.com/s2/favicons?domain=ghosteye.ai&sz=128
Gigs,https://gigs.com,https://trust.gigs.com,Vanta,https://www.google.com/s2/favicons?domain=https://gigs.com&sz=128
GitHub,https://github.com,https://github.com/trust-center,Other,https://www.google.com/s2/favicons?domain=github.com&sz=128
Gitlab,https://gitlab.com/,https://trust.gitlab.com/,SafeBase,https://www.google.com/s2/favicons?domain=gitlab.com&sz=128
GitStart,https://www.gitstart.com,https://trust.gitstart.com,SafeBase,https://www.google.com/s2/favicons?domain=https://www.gitstart.com&sz=128
Glean,https://www.glean.com/,https://trust.glean.com/,Vanta,https://www.google.com/s2/favicons?domain=glean.com&sz=128
Glide,https://www.glideapps.com,https://trust.glideapps.com,Vanta,https://www.google.com/s2/favicons?domain=https://www.glideapps.com&sz=128
Go1,https://go1.com,https://trust.go1.com,Vanta,https://www.google.com/s2/favicons?domain=https://go1.com&sz=128
GoLinks,https://www.golinks.io,https://trust.golinks.io,Vanta,https://www.google.com/s2/favicons?domain=https://www.golinks.io&sz=128
Google Workspace,https://workspace.google.com/,https://cloud.google.com/security/compliance/compliance-reports-manager,Other,https://www.google.com/s2/favicons?domain=workspace.google.com&sz=128
Govly,https://www.govly.com/,https://security.govly.com,Vanta,https://www.google.com/s2/favicons?domain=govly.com&sz=128
Gradia Health,https://www.gradia.com/,https://trust.gradia.com,Vanta,https://www.google.com/s2/favicons?domain=https://www.gradia.com/&sz=128
Grain,https://grain.com/,https://trust.grain.com/,Vanta,https://www.google.com/s2/favicons?domain=grain.com&sz=128
Great Question,https://greatquestion.co,https://trust.greatquestion.co,Vanta,https://www.google.com/s2/favicons?domain=https://greatquestion.co&sz=128
Greenboard,https://www.greenboard.com,https://trust.greenboard.com,Secureframe,https://www.google.com/s2/favicons?domain=https://www.greenboard.com&sz=128
GrowthBook,https://www.growthbook.io,https://trust.growthbook.io,Vanta,https://www.google.com/s2/favicons?domain=https://www.growthbook.io&sz=128
Guac,https://www.guac-ai.com/,https://trust.guac-ai.com,Oneleet,https://www.google.com/s2/favicons?domain=https://www.guac-ai.com/&sz=128
Gumloop,https://www.gumloop.com/,https://trust.gumloop.com,Oneleet,https://www.google.com/s2/favicons?domain=https://www.gumloop.com/&sz=128
Gusto,https://gusto.com,https://trust.gusto.com,Vanta,https://www.google.com/s2/favicons?domain=https://gusto.com&sz=128
Hadrius,https://www.hadrius.com,https://trust.hadrius.com,Vanta,https://www.google.com/s2/favicons?domain=https://www.hadrius.com&sz=128
Handle.com,https://www.handle.com,https://trust.handle.com,Vanta,https://www.google.com/s2/favicons?domain=https://www.handle.com&sz=128
Happl,https://happl.com/,https://trust.happl.com,Vanta,https://www.google.com/s2/favicons?domain=https://happl.com/&sz=128
HappyRobot,https://happyrobot.ai,https://trust.happyrobot.ai,Vanta,https://www.google.com/s2/favicons?domain=https://happyrobot.ai&sz=128
Hatch,http://usehatch.ai,https://trust.usehatch.ai,Vanta,https://www.google.com/s2/favicons?domain=http://usehatch.ai&sz=128
Hatchet,https://hatchet.run,https://trust.hatchet.run,Oneleet,https://www.google.com/s2/favicons?domain=https://hatchet.run&sz=128
Healia,https://www.healiahealth.com/,https://trust.healiahealth.com,Vanta,https://www.google.com/s2/favicons?domain=https://www.healiahealth.com/&sz=128
HealthSherpa,https://healthsherpa.com,https://trust.healthsherpa.com,Conveyor,https://www.google.com/s2/favicons?domain=https://healthsherpa.com&sz=128
HealthSpark,https://www.joinhealthspark.com,https://compliance.joinhealthspark.com,Vanta,https://www.google.com/s2/favicons?domain=joinhealthspark.com&sz=128
Heap,https://www.heap.io/,https://trust.contentsquare.com/?product=heapio,SafeBase,https://www.google.com/s2/favicons?domain=heap.io&sz=128
Helicone,https://www.helicone.ai/,https://trust.helicone.ai,Vanta,https://www.google.com/s2/favicons?domain=https://www.helicone.ai/&sz=128
Heron Data,https://www.herondata.io,https://trust.herondata.io,Vanta,https://www.google.com/s2/favicons?domain=https://www.herondata.io&sz=128
Hex,https://hex.tech/,https://trust.hex.tech/,Vanta,https://www.google.com/s2/favicons?domain=hex.tech&sz=128
Hey Revia,https://heyrevia.ai,https://trust.heyrevia.ai,Vanta,https://www.google.com/s2/favicons?domain=https://heyrevia.ai&sz=128
Hightouch,https://hightouch.com/,https://trust.hightouch.com,Vanta,https://www.google.com/s2/favicons?domain=https://hightouch.com/&sz=128
Hindsight,https://www.usehindsight.com/,https://trust.usehindsight.com,Oneleet,https://www.google.com/s2/favicons?domain=https://www.usehindsight.com/&sz=128
Hive,http://www.hive.co,https://trust.hive.co,Oneleet,https://www.google.com/s2/favicons?domain=http://www.hive.co&sz=128
HockeyStack,https://www.hockeystack.com/,https://trust.delve.co/hockeystack,Delve,https://www.google.com/s2/favicons?domain=hockeystack.com&sz=128
hoop.dev,https://hoop.dev,https://trust.hoop.dev,Vanta,https://www.google.com/s2/favicons?domain=https://hoop.dev&sz=128
Hotjar,https://www.hotjar.com/,https://trust.contentsquare.com/?product=hotjar,SafeBase,https://www.google.com/s2/favicons?domain=hotjar.com&sz=128
Hubspot,https://hubspot.com/,https://trust.hubspot.com/,SafeBase,https://www.google.com/s2/favicons?domain=hubspot.com&sz=128
Hudu,https://hudu.com,https://compliance.hudu.com,Vanta,https://www.google.com/s2/favicons?domain=hudu.com&sz=128
Humaans,https://humaans.io,https://trust.humaans.io,Vanta,https://www.google.com/s2/favicons?domain=https://humaans.io&sz=128
HumanLayer,https://humanlayer.dev,https://trust.humanlayer.dev,Vanta,https://www.google.com/s2/favicons?domain=https://humanlayer.dev&sz=128
Humanloop,https://humanloop.com,https://trust.humanloop.com,Vanta,https://www.google.com/s2/favicons?domain=https://humanloop.com&sz=128
Humi,http://www.humi.ca,https://trust.humi.ca,Vanta,https://www.google.com/s2/favicons?domain=http://www.humi.ca&sz=128
Hyperbound,https://hyperbound.ai,https://security.hyperbound.ai,Vanta,https://www.google.com/s2/favicons?domain=hyperbound.ai&sz=128
Hypotenuse AI,https://hypotenuse.ai/,https://trust.hypotenuse.ai,Oneleet,https://www.google.com/s2/favicons?domain=https://hypotenuse.ai/&sz=128
IcePanel,https://icepanel.io,https://trust.icepanel.io,Vanta,https://www.google.com/s2/favicons?domain=https://icepanel.io&sz=128
Infisical,https://infisical.com,https://trust.infisical.com,Vanta,https://www.google.com/s2/favicons?domain=https://infisical.com&sz=128
Infracost,https://infracost.io,https://security.infracost.io,Vanta,https://www.google.com/s2/favicons?domain=infracost.io&sz=128
InQuery,https://www.inquery.ai/,https://security.inquery.ai,Delve,https://www.google.com/s2/favicons?domain=inquery.ai&sz=128
Instrumentl,https://www.instrumentl.com,https://trust.instrumentl.com,Vanta,https://www.google.com/s2/favicons?domain=https://www.instrumentl.com&sz=128
Intryc,https://intryc.com,https://trust.intryc.com,Vanta,https://www.google.com/s2/favicons?domain=https://intryc.com&sz=128
Invert,http://www.invertbio.com/,https://trust.invertbio.com,Vanta,https://www.google.com/s2/favicons?domain=http://www.invertbio.com/&sz=128
Invofox,https://invofox.com,https://trust.invofox.com,Vanta,https://www.google.com/s2/favicons?domain=https://invofox.com&sz=128
Invopop,https://www.invopop.com/,https://trust.invopop.com,Vanta,https://www.google.com/s2/favicons?domain=https://www.invopop.com/&sz=128
Jerry,https://getjerry.com,https://trust.getjerry.com,Vanta,https://www.google.com/s2/favicons?domain=https://getjerry.com&sz=128
Jones IT,https://itjones.com,https://trust.itjones.com,SafeBase,https://www.google.com/s2/favicons?domain=itjones.com&sz=128
Julius,https://julius.ai,https://trust.julius.ai,Oneleet,https://www.google.com/s2/favicons?domain=https://julius.ai&sz=128
Just Appraised,https://www.justappraised.com,https://trust.justappraised.com,Vanta,https://www.google.com/s2/favicons?domain=https://www.justappraised.com&sz=128
JustPaid,https://www.justpaid.ai,https://trust.justpaid.ai,Oneleet,https://www.google.com/s2/favicons?domain=https://www.justpaid.ai&sz=128
Kabilah,https://www.kabilah.com,https://security.kabilah.com,Vanta,https://www.google.com/s2/favicons?domain=kabilah.com&sz=128
Kandji,https://www.kandji.io,https://trust.kandji.io,SafeBase,https://www.google.com/s2/favicons?domain=kandji.io&sz=128
Karat Financial,http://trykarat.com,https://trust.trykarat.com,Vanta,https://www.google.com/s2/favicons?domain=http://trykarat.com&sz=128
Kastle,https://kastle.ai/,https://trust.kastle.ai,Oneleet,https://www.google.com/s2/favicons?domain=https://kastle.ai/&sz=128
Keeper,https://www.keeper.app,https://trust.keeper.app,Vanta,https://www.google.com/s2/favicons?domain=https://www.keeper.app&sz=128
Klarity,http://klarity.ai,https://trust.klarity.ai,Vanta,https://www.google.com/s2/favicons?domain=http://klarity.ai&sz=128
Koala Ops,https://koalaops.com/,https://trust.koalaops.com,Vanta,https://www.google.com/s2/favicons?domain=https://koalaops.com/&sz=128
Lamin,https://lamin.ai,https://trust.lamin.ai,Vanta,https://www.google.com/s2/favicons?domain=https://lamin.ai&sz=128
Langdock,https://langdock.com,https://trust.langdock.com,Vanta,https://www.google.com/s2/favicons?domain=https://langdock.com&sz=128
Lark,https://uselark.ai/,https://trust.uselark.ai,Vanta,https://www.google.com/s2/favicons?domain=uselark.ai&sz=128
Latent,https://latenthealth.com,https://security.latenthealth.com,Vanta,https://www.google.com/s2/favicons?domain=latenthealth.com&sz=128
Lattice,https://lattice.com/,https://trustcenter.lattice.com/,SafeBase,https://www.google.com/s2/favicons?domain=lattice.com&sz=128
Layerup,https://www.uselayerup.com/,https://trust.uselayerup.com,Oneleet,https://www.google.com/s2/favicons?domain=https://www.uselayerup.com/&sz=128
Laylo,https://laylo.com,https://trustcenter.laylo.com,Vanta,https://www.google.com/s2/favicons?domain=laylo.com&sz=128
Legion Health,https://legionhealth.com,https://trust.legionhealth.com,Oneleet,https://www.google.com/s2/favicons?domain=https://legionhealth.com&sz=128
Legora (formerly Leya),https://www.legora.com/,https://security.legora.com,Vanta,https://www.google.com/s2/favicons?domain=legora.com&sz=128
Lenk,https://getlenk.com/,https://trust.getlenk.com,Vanta,https://www.google.com/s2/favicons?domain=https://getlenk.com/&sz=128
Linear,https://linear.app/,https://trustcenter.linear.app/,Vanta,https://www.google.com/s2/favicons?domain=linear.app&sz=128
Linkana,https://www.linkana.com,https://trust.linkana.com,Vanta,https://www.google.com/s2/favicons?domain=https://www.linkana.com&sz=128
Lob,http://lob.com,https://trust.lob.com,Vanta,https://www.google.com/s2/favicons?domain=http://lob.com&sz=128
Loula,https://joinloula.com,https://compliance.joinloula.com,Vanta,https://www.google.com/s2/favicons?domain=joinloula.com&sz=128
Lovable,https://lovable.dev,https://trust.delve.co/lovable,Delve,https://www.google.com/s2/favicons?domain=lovable.dev&sz=128
Lucidic AI,https://lucidic.ai,https://trust.lucidic.ai,Delve,https://www.google.com/s2/favicons?domain=https://lucidic.ai&sz=128
Lyra,https://lyra.so/,https://trust.lyra.so,Vanta,https://www.google.com/s2/favicons?domain=lyra.so&sz=128
Maihem,https://www.maihem.com,https://trust.maihem.com,Oneleet,https://www.google.com/s2/favicons?domain=https://www.maihem.com&sz=128
Maitai,https://trymaitai.ai,https://trust.trymaitai.ai,Oneleet,https://www.google.com/s2/favicons?domain=https://trymaitai.ai&sz=128
Mandel AI,https://www.mandel.ai/,https://trust.mandel.ai,Oneleet,https://www.google.com/s2/favicons?domain=https://www.mandel.ai/&sz=128
Mashgin,http://mashgin.com,https://trust.mashgin.com,Self-hosted,https://www.google.com/s2/favicons?domain=http://mashgin.com&sz=128
Mattermost,http://mattermost.com,https://trust.mattermost.com,Conveyor,https://www.google.com/s2/favicons?domain=http://mattermost.com&sz=128
Matterport,http://matterport.com,https://matterport.com/trust,Self-hosted,https://www.google.com/s2/favicons?domain=matterport.com&sz=128
Mayan,https://www.mayan.co,https://trust.mayan.co,SafeBase,https://www.google.com/s2/favicons?domain=https://www.mayan.co&sz=128
MediSearch,https://medisearch.io,https://trust.medisearch.io,Vanta,https://www.google.com/s2/favicons?domain=https://medisearch.io&sz=128
Mem0,https://mem0.ai,https://trust.mem0.ai,Delve,https://www.google.com/s2/favicons?domain=https://mem0.ai&sz=128
MentalHappy,http://www.MentalHappy.com,https://trust.MentalHappy.com,Vanta,https://www.google.com/s2/favicons?domain=http://www.MentalHappy.com&sz=128
Mercoa,http://mercoa.com,https://trust.mercoa.com,Oneleet,https://www.google.com/s2/favicons?domain=http://mercoa.com&sz=128
Metabase,https://www.metabase.com/,https://trust.metabase.com/,SafeBase,https://www.google.com/s2/favicons?domain=metabase.com&sz=128
Metal,https://metal.ai/,https://security.metal.ai,Vanta,https://www.google.com/s2/favicons?domain=metal.ai&sz=128
Microsoft,https://www.microsoft.com/,https://servicetrust.microsoft.com/,Other,https://www.google.com/s2/favicons?domain=microsoft.com&sz=128
MICSI,https://www.micsi.co/,https://trust.micsi.co,Oneleet,https://www.google.com/s2/favicons?domain=https://www.micsi.co/&sz=128
Middesk,http://www.middesk.com,https://trust.middesk.com,Vanta,https://www.google.com/s2/favicons?domain=http://www.middesk.com&sz=128
Mindset Health,https://www.mindsethealth.com,https://trust.mindsethealth.com,Vanta,https://www.google.com/s2/favicons?domain=https://www.mindsethealth.com&sz=128
Minimum,https://minimum.com,https://trust.minimum.com,Vanta,https://www.google.com/s2/favicons?domain=https://minimum.com&sz=128
Mintlify,https://mintlify.com,https://security.mintlify.com,SafeBase,https://www.google.com/s2/favicons?domain=mintlify.com&sz=128
Miracle,http://www.miracleml.com,https://trust.miracleml.com,Vanta,https://www.google.com/s2/favicons?domain=http://www.miracleml.com&sz=128
Mixpanel,https://mixpanel.com/,https://trust.mixpanel.com/,Vanta,https://www.google.com/s2/favicons?domain=mixpanel.com&sz=128
Model ML,https://www.modelml.com/,https://trust.modelml.com,Vanta,https://www.google.com/s2/favicons?domain=https://www.modelml.com/&sz=128
Modern Treasury,http://www.moderntreasury.com/,https://trust.moderntreasury.com,Vanta,https://www.google.com/s2/favicons?domain=http://www.moderntreasury.com/&sz=128
ModernLoop,http://modernloop.io,https://trust.modernloop.io,Vanta,https://www.google.com/s2/favicons?domain=http://modernloop.io&sz=128
MongoDB,https://mongodb.com/,https://trust.mongodb.com/,Conveyor,https://www.google.com/s2/favicons?domain=mongodb.com&sz=128
Morf Health,https://morf.health,https://trust.morf.health,Secureframe,https://www.google.com/s2/favicons?domain=https://morf.health&sz=128
Mux,http://mux.com,https://trust.mux.com,Conveyor,https://www.google.com/s2/favicons?domain=http://mux.com&sz=128
Mytos,https://www.mytos.bio,https://trust.mytos.bio,Vanta,https://www.google.com/s2/favicons?domain=https://www.mytos.bio&sz=128
Nango,https://nango.dev,https://trust.nango.dev,Vanta,https://www.google.com/s2/favicons?domain=https://nango.dev&sz=128
Narrator,https://www.narratordata.com/,https://trust.narratordata.com,Vanta,https://www.google.com/s2/favicons?domain=https://www.narratordata.com/&sz=128
Nash,https://www.usenash.com/,https://trust.usenash.com,Vanta,https://www.google.com/s2/favicons?domain=https://www.usenash.com/&sz=128
Navattic,https://www.navattic.com/,https://trust.navattic.com,Vanta,https://www.google.com/s2/favicons?domain=https://www.navattic.com/&sz=128
Neosync,https://neosync.dev,https://trust.neosync.dev,Vanta,https://www.google.com/s2/favicons?domain=https://neosync.dev&sz=128
Nest Genomics,https://nestgenomics.com,https://trust.nestgenomics.com,Oneleet,https://www.google.com/s2/favicons?domain=https://nestgenomics.com&sz=128
NimbleRx,http://nimblerx.com,https://trust.nimblerx.com,Vanta,https://www.google.com/s2/favicons?domain=http://nimblerx.com&sz=128
Notabene,https://notabene.id,https://trust.notabene.id,Vanta,https://www.google.com/s2/favicons?domain=https://notabene.id&sz=128
Notion,https://www.notion.com/,https://public-profile.whistic.com/8e45fdd3-e2fe-4742-852b-ac509b13d0d1,Whistic,https://www.google.com/s2/favicons?domain=notion.com&sz=128
Nova Credit,http://www.novacredit.com/,https://trust.novacredit.com,Vanta,https://www.google.com/s2/favicons?domain=http://www.novacredit.com/&sz=128
nunu.ai,https://nunu.ai,https://trust.nunu.ai,Vanta,https://www.google.com/s2/favicons?domain=https://nunu.ai&sz=128
Observe.AI,https://observe.ai,https://trust.observe.ai,HyperComply,https://www.google.com/s2/favicons?domain=https://observe.ai&sz=128
Okta,https://www.okta.com/,https://trust.okta.com/,Self-hosted,https://www.google.com/s2/favicons?domain=okta.com&sz=128
Onboard.io,https://onboard.io,https://trust.onboard.io,Self-hosted,https://www.google.com/s2/favicons?domain=https://onboard.io&sz=128
Openlayer,https://openlayer.com,https://trust.openlayer.com,Vanta,https://www.google.com/s2/favicons?domain=https://openlayer.com&sz=128
OpenMeter,https://openmeter.io,https://trust.openmeter.io,Vanta,https://www.google.com/s2/favicons?domain=https://openmeter.io&sz=128
Opennote,https://opennote.com,https://trust.opennote.com,Vanta,https://www.google.com/s2/favicons?domain=opennote.com&sz=128
Origami,https://www.origamiagents.com,https://trust.origamiagents.com,Delve,https://www.google.com/s2/favicons?domain=https://www.origamiagents.com&sz=128
Osmosis,https://osmosis.ai/,https://trust.osmosis.ai,Oneleet,https://www.google.com/s2/favicons?domain=https://osmosis.ai/&sz=128
OutRival,https://outrival.com/,https://trust.outrival.com/,Vanta,https://www.google.com/s2/favicons?domain=outrival.com&sz=128
Paragon,http://useparagon.com,https://security.useparagon.com,Vanta,https://www.google.com/s2/favicons?domain=useparagon.com&sz=128
Parasail,https://parasail.io/,https://trust.parasail.io/,Secureframe,https://www.google.com/s2/favicons?domain=parasail.io&sz=128
Parley,https://parley.so,https://trust.parley.so,Oneleet,https://www.google.com/s2/favicons?domain=https://parley.so&sz=128
Parsewise,https://parsewise.ai,https://trust.parsewise.ai,Oneleet,https://www.google.com/s2/favicons?domain=parsewise.ai&sz=128
PartnerStack,https://partnerstack.com,https://trust.partnerstack.com,Vanta,https://www.google.com/s2/favicons?domain=https://partnerstack.com&sz=128
Pax,https://paxai.com/,https://trust.paxai.com,Oneleet,https://www.google.com/s2/favicons?domain=https://paxai.com/&sz=128
PeerDB,https://peerdb.io/,https://trust.peerdb.io,Vanta,https://www.google.com/s2/favicons?domain=https://peerdb.io/&sz=128
Penciled,https://penciled.com,https://trust.penciled.com,Vanta,https://www.google.com/s2/favicons?domain=https://penciled.com&sz=128
Perl Street,https://perlstreet.com/,https://trust.perlstreet.com,Oneleet,https://www.google.com/s2/favicons?domain=https://perlstreet.com/&sz=128
Permutive,https://permutive.com,https://trust.permutive.com,Vanta,https://www.google.com/s2/favicons?domain=https://permutive.com&sz=128
Pharos,https://pharos.health/,https://trust.pharos.health,Vanta,https://www.google.com/s2/favicons?domain=https://pharos.health/&sz=128
phospho,https://phospho.ai,https://trust.phospho.ai,Vanta,https://www.google.com/s2/favicons?domain=https://phospho.ai&sz=128
Photoroom,https://photoroom.com/,https://trust.photoroom.com,Oneleet,https://www.google.com/s2/favicons?domain=https://photoroom.com/&sz=128
Planbase,https://www.joinplanbase.com/,https://trust.joinplanbase.com,Oneleet,https://www.google.com/s2/favicons?domain=https://www.joinplanbase.com/&sz=128
PointOne,https://pointone.com/,https://trust.pointone.com,Oneleet,https://www.google.com/s2/favicons?domain=https://pointone.com/&sz=128
Poka Labs,https://www.pokalabs.com/,https://trust.pokalabs.com,Oneleet,https://www.google.com/s2/favicons?domain=https://www.pokalabs.com/&sz=128
Popl,https://popl.co/,https://security.popl.co,Vanta,https://www.google.com/s2/favicons?domain=popl.co&sz=128
Postman,https://postman.com/,https://security.postman.com/,SafeBase,https://www.google.com/s2/favicons?domain=postman.com&sz=128
Prelim,https://prelim.com/,https://trust.prelim.com,Vanta,https://www.google.com/s2/favicons?domain=https://prelim.com/&sz=128
Promise,http://promise-pay.com,https://trust.promise-pay.com,Self-hosted,https://www.google.com/s2/favicons?domain=http://promise-pay.com&sz=128
Promoted.ai,http://www.promoted.ai,https://trust.promoted.ai,Vanta,https://www.google.com/s2/favicons?domain=http://www.promoted.ai&sz=128
PromptArmor,https://promptarmor.com/,https://trust.promptarmor.com,Oneleet,https://www.google.com/s2/favicons?domain=https://promptarmor.com/&sz=128
Propexo,https://propexo.com,https://trust.propexo.com,Vanta,https://www.google.com/s2/favicons?domain=https://propexo.com&sz=128
ProSights,https://prosights.co/,https://security.prosights.co,Vanta,https://www.google.com/s2/favicons?domain=prosights.co&sz=128
Provision,https://useprovision.com,https://trust.useprovision.com,Oneleet,https://www.google.com/s2/favicons?domain=https://useprovision.com&sz=128
Pulse,https://www.runpulse.com/,https://trust.runpulse.com,Oneleet,https://www.google.com/s2/favicons?domain=https://www.runpulse.com/&sz=128
Pylon,https://usepylon.com/?utm_source=bookface&utm_medium=referral&utm_campaign=pylon-profile,https://trust.usepylon.com/?utm_source=bookface&utm_medium=referral&utm_campaign=pylon-profile,Vanta,https://www.google.com/s2/favicons?domain=https://usepylon.com/?utm_source=bookface&utm_medium=referral&utm_campaign=pylon-profile&sz=128
Quartzy,https://www.quartzy.com,https://trust.quartzy.com,Vanta,https://www.google.com/s2/favicons?domain=https://www.quartzy.com&sz=128
Quickchat AI,https://quickchat.ai/,https://trust.quickchat.ai,Oneleet,https://www.google.com/s2/favicons?domain=https://quickchat.ai/&sz=128
Qventus,http://qventus.com,https://trust.qventus.com,Vanta,https://www.google.com/s2/favicons?domain=http://qventus.com&sz=128
R2,https://r2.co/,https://trust.r2.co,Vanta,https://www.google.com/s2/favicons?domain=https://r2.co/&sz=128
Rabbet,http://rabbet.com,https://trust.rabbet.com,Vanta,https://www.google.com/s2/favicons?domain=http://rabbet.com&sz=128
Raindrop,https://www.raindrop.ai,https://trust.raindrop.ai,Vanta,https://www.google.com/s2/favicons?domain=https://www.raindrop.ai&sz=128
Rally,https://www.getrally.com/,https://trust.getrally.com,Delve,https://www.google.com/s2/favicons?domain=https://www.getrally.com/&sz=128
Rally UXR,https://www.rallyuxr.com/,https://trust.rallyuxr.com,Vanta,https://www.google.com/s2/favicons?domain=https://www.rallyuxr.com/&sz=128
Ramp,https://ramp.com/,https://trust.ramp.com/,SafeBase,https://www.google.com/s2/favicons?domain=ramp.com&sz=128
Raycast,https://raycast.com,https://trust.raycast.com,Vanta,https://www.google.com/s2/favicons?domain=https://raycast.com&sz=128
ReadMe,http://readme.com,https://trust.readme.com,Vanta,https://www.google.com/s2/favicons?domain=http://readme.com&sz=128
Ready,https://ready.net,https://trust.ready.net,Vanta,https://www.google.com/s2/favicons?domain=https://ready.net&sz=128
Reality Defender,http://www.realitydefender.com,https://trust.realitydefender.com,Vanta,https://www.google.com/s2/favicons?domain=http://www.realitydefender.com&sz=128
Recall.ai,https://www.recall.ai,https://security.recall.ai,Vanta,https://www.google.com/s2/favicons?domain=recall.ai&sz=128
Relace,https://relace.ai,https://trust.relace.ai,Vanta,https://www.google.com/s2/favicons?domain=https://relace.ai&sz=128
Relate,https://www.relate.so/,https://trust.relate.so,Vanta,https://www.google.com/s2/favicons?domain=https://www.relate.so/&sz=128
Remi HQ,https://www.remihq.com/,https://trust.delve.co/remi,Delve,https://www.google.com/s2/favicons?domain=remihq.com&sz=128
Remo,https://getremo.ai,https://trust.getremo.ai,Oneleet,https://www.google.com/s2/favicons?domain=https://getremo.ai&sz=128
Remote,https://remote.com/,https://trust.remote.com/,Secureframe,https://www.google.com/s2/favicons?domain=remote.com&sz=128
Replit,https://replit.com,https://trust.replit.com,Self-hosted,https://www.google.com/s2/favicons?domain=https://replit.com&sz=128
Reshape Biotech,http://reshapebiotech.com/,https://security.reshapebiotech.com,Vanta,https://www.google.com/s2/favicons?domain=reshapebiotech.com&sz=128
Resolve,https://www.resolvebim.com,https://compliance.resolvebim.com,Vanta,https://www.google.com/s2/favicons?domain=resolvebim.com&sz=128
Retell AI,https://retellai.com,https://trust.retellai.com,Vanta,https://www.google.com/s2/favicons?domain=https://retellai.com&sz=128
RevisionDojo,https://revisiondojo.com,https://trust.revisiondojo.com,Vanta,https://www.google.com/s2/favicons?domain=https://revisiondojo.com&sz=128
Rewardful,https://www.rewardful.com/,https://trust.rewardful.com/,Vanta,https://www.google.com/s2/favicons?domain=rewardful.com&sz=128
Rimba,https://rimba.ai,https://trust.rimba.ai,Vanta,https://www.google.com/s2/favicons?domain=rimba.ai&sz=128
Rinsed,https://www.rinsed.com,https://trust.rinsed.com,Oneleet,https://www.google.com/s2/favicons?domain=https://www.rinsed.com&sz=128
Riot,https://tryriot.com/,https://trust.tryriot.com,Vanta,https://www.google.com/s2/favicons?domain=https://tryriot.com/&sz=128
Ripple,https://ripple.com/,https://security-portal.ripple.com/,SafeBase,https://www.google.com/s2/favicons?domain=ripple.com&sz=128
Rippling,http://rippling.com/,https://trust.rippling.com,Whistic,https://www.google.com/s2/favicons?domain=http://rippling.com/&sz=128
Rollstack,https://www.rollstack.com,https://trust.rollstack.com,Self-hosted,https://www.google.com/s2/favicons?domain=https://www.rollstack.com&sz=128
Rulebase,https://rulebase.co,https://trust.rulebase.co,Oneleet,https://www.google.com/s2/favicons?domain=https://rulebase.co&sz=128
Rutter,https://rutter.com,https://trust.rutter.com,Vanta,https://www.google.com/s2/favicons?domain=https://rutter.com&sz=128
Ryvn,https://ryvn.ai,https://trust.ryvn.ai,Oneleet,https://www.google.com/s2/favicons?domain=https://ryvn.ai&sz=128
Safebase,https://safebase.io/,https://trust.safebase.io/,SafeBase,https://www.google.com/s2/favicons?domain=safebase.io&sz=128
Salesforce,https://salesforce.com,https://trust.salesforce.com,Self-hosted,https://www.google.com/s2/favicons?domain=salesforce.com&sz=128
Sample,https://samplehc.com,https://trust.samplehc.com,Oneleet,https://www.google.com/s2/favicons?domain=https://samplehc.com&sz=128
Sapling.ai,https://sapling.ai,https://trust.sapling.ai,Vanta,https://www.google.com/s2/favicons?domain=https://sapling.ai&sz=128
Scale AI,http://scale.com,https://trust.scale.com,Vanta,https://www.google.com/s2/favicons?domain=http://scale.com&sz=128
Scribd,http://scribd.com,https://trust.scribd.com,SafeBase,https://www.google.com/s2/favicons?domain=http://scribd.com&sz=128
Seal,https://seal.run,https://trust.seal.run,Oneleet,https://www.google.com/s2/favicons?domain=https://seal.run&sz=128
Secoda,https://secoda.co,https://trust.secoda.co,Self-hosted,https://www.google.com/s2/favicons?domain=https://secoda.co&sz=128
Secureframe,https://secureframe.com/,https://trust.secureframe.com/,Secureframe,https://www.google.com/s2/favicons?domain=secureframe.com&sz=128
Segmed,https://segmed.ai,https://trust.segmed.ai,Vanta,https://www.google.com/s2/favicons?domain=https://segmed.ai&sz=128
Segment,https://segment.com/,https://security.segment.com/,SafeBase,https://www.google.com/s2/favicons?domain=segment.com&sz=128
Seis,https://www.seis.com,https://trust.seis.com,Oneleet,https://www.google.com/s2/favicons?domain=https://www.seis.com&sz=128
Sendbird,https://sendbird.com,https://trust.sendbird.com,SafeBase,https://www.google.com/s2/favicons?domain=https://sendbird.com&sz=128
ShipBob,http://shipbob.com,https://trust.shipbob.com,Vanta,https://www.google.com/s2/favicons?domain=http://shipbob.com&sz=128
SigNoz,https://signoz.io,https://trust.signoz.io,Vanta,https://www.google.com/s2/favicons?domain=https://signoz.io&sz=128
Simetrik,https://simetrik.com,https://trust.simetrik.com,Vanta,https://www.google.com/s2/favicons?domain=https://simetrik.com&sz=128
Simple AI,https://www.usesimple.ai,https://trust.usesimple.ai,Oneleet,https://www.google.com/s2/favicons?domain=https://www.usesimple.ai&sz=128
SimpleLegal,http://simplelegal.com,https://trust.simplelegal.com,Vanta,https://www.google.com/s2/favicons?domain=http://simplelegal.com&sz=128
SINAI,http://www.sinai.com,https://trust.sinai.com,Vanta,https://www.google.com/s2/favicons?domain=http://www.sinai.com&sz=128
SketchDeck,https://sketchdeck.com,https://trust.sketchdeck.com,Vanta,https://www.google.com/s2/favicons?domain=https://sketchdeck.com&sz=128
Skyvern,https://www.skyvern.com/,https://trust.skyvern.com,Oneleet,https://www.google.com/s2/favicons?domain=https://www.skyvern.com/&sz=128
Slack,https://slack.com/,https://slack.com/trust,Other,https://www.google.com/s2/favicons?domain=slack.com&sz=128
SmartPath,http://joinsmartpath.com,https://trust.joinsmartpath.com,Self-hosted,https://www.google.com/s2/favicons?domain=http://joinsmartpath.com&sz=128
Snapdocs,http://snapdocs.com,https://trust.snapdocs.com,Conveyor,https://www.google.com/s2/favicons?domain=http://snapdocs.com&sz=128
Socratix AI,https://getsocratix.ai,https://trust.getsocratix.ai,Vanta,https://www.google.com/s2/favicons?domain=getsocratix.ai&sz=128
Solidroad,https://solidroad.com,https://security.solidroad.com,Vanta,https://www.google.com/s2/favicons?domain=solidroad.com&sz=128
Spark,https://www.sparkhq.ai,https://trust.sparkhq.ai,Oneleet,https://www.google.com/s2/favicons?domain=https://www.sparkhq.ai&sz=128
Speedscale,https://speedscale.com,https://trust.speedscale.com,Vanta,https://www.google.com/s2/favicons?domain=https://speedscale.com&sz=128
Spline,http://spline.design/,https://trust.spline.design,Vanta,https://www.google.com/s2/favicons?domain=http://spline.design/&sz=128
Spot Health,https://spotdx.com,https://security.spotdx.com,Secureframe,https://www.google.com/s2/favicons?domain=spotdx.com&sz=128
Spott,https://spott.io,https://compliance.spott.io,Delve,https://www.google.com/s2/favicons?domain=spott.io&sz=128
Sprinto,https://sprinto.com/,https://trust.sprinto.com/,Sprinto,https://www.google.com/s2/favicons?domain=sprinto.com&sz=128
SRE.ai,https://sre.ai,https://trust.sre.ai,Oneleet,https://www.google.com/s2/favicons?domain=https://sre.ai&sz=128
Stackup,https://www.stackup.fi,https://trust.stackup.fi,Vanta,https://www.google.com/s2/favicons?domain=https://www.stackup.fi&sz=128
Storylane,https://www.storylane.io/,https://trust.storylane.io,Vanta,https://www.google.com/s2/favicons?domain=https://www.storylane.io/&sz=128
Strada,https://www.getstrada.com/,https://trust.getstrada.com,Vanta,https://www.google.com/s2/favicons?domain=https://www.getstrada.com/&sz=128
Stripe,https://stripe.com,https://stripe.com/privacy-center/legal,Other,https://www.google.com/s2/favicons?domain=stripe.com&sz=128
Submittable,https://www.submittable.com/,https://trust.submittable.com,Vanta,https://www.google.com/s2/favicons?domain=https://www.submittable.com/&sz=128
Substrate,https://www.substrate.cc/,https://trust.substrate.cc,Oneleet,https://www.google.com/s2/favicons?domain=https://www.substrate.cc/&sz=128
Supabase,https://supabase.com,https://security.supabase.com,Vanta,https://www.google.com/s2/favicons?domain=supabase.com&sz=128
Superagent,https://superagent.sh/,https://trust.superagent.sh,Self-hosted,https://www.google.com/s2/favicons?domain=https://superagent.sh/&sz=128
Superhuman,https://superhuman.com,https://trust.superhuman.com,SafeBase,https://www.google.com/s2/favicons?domain=superhuman.com&sz=128
Superorder,https://superorder.com/,https://trust.superorder.com,Secureframe,https://www.google.com/s2/favicons?domain=https://superorder.com/&sz=128
SuperTokens,https://supertokens.com,https://security.supertokens.com,Vanta,https://www.google.com/s2/favicons?domain=supertokens.com&sz=128
Synder,https://synder.com,https://trust.synder.com,Vanta,https://www.google.com/s2/favicons?domain=https://synder.com&sz=128
Tamarind Bio,https://www.tamarind.bio,https://trust.tamarind.bio,Oneleet,https://www.google.com/s2/favicons?domain=https://www.tamarind.bio&sz=128
Taskade,https://www.taskade.com,https://trust.taskade.com,Vanta,https://www.google.com/s2/favicons?domain=https://www.taskade.com&sz=128
TaxGPT,https://www.taxgpt.com,https://trust.taxgpt.com,Vanta,https://www.google.com/s2/favicons?domain=https://www.taxgpt.com&sz=128
Teleport,https://goteleport.com,https://trust.goteleport.com,Vanta,https://www.google.com/s2/favicons?domain=https://goteleport.com&sz=128
Temporal,https://temporal.io/,https://trust.temporal.io/,Conveyor,https://www.google.com/s2/favicons?domain=temporal.io&sz=128
Tenyks,http://tenyks.ai/,https://trust.tenyks.ai,Vanta,https://www.google.com/s2/favicons?domain=http://tenyks.ai/&sz=128
TigerEye,http://tigereye.com/,https://trust.tigereye.com,Secureframe,https://www.google.com/s2/favicons?domain=http://tigereye.com/&sz=128
Tint,http://www.tint.ai,https://trust.tint.ai,Vanta,https://www.google.com/s2/favicons?domain=http://www.tint.ai&sz=128
Toku,https://trytoku.com/,https://trust.trytoku.com,Vanta,https://www.google.com/s2/favicons?domain=https://trytoku.com/&sz=128
Toma,http://www.toma.com/,https://trust.toma.com,Oneleet,https://www.google.com/s2/favicons?domain=http://www.toma.com/&sz=128
Topo,https://www.topo.io/,https://trust.topo.io,Vanta,https://www.google.com/s2/favicons?domain=https://www.topo.io/&sz=128
Tower,https://withtower.com,https://trust.withtower.com,Oneleet,https://www.google.com/s2/favicons?domain=https://withtower.com&sz=128
Traceloop,https://www.traceloop.com,https://trust.traceloop.com,Vanta,https://www.google.com/s2/favicons?domain=https://www.traceloop.com&sz=128
Tractian,https://tractian.com,https://trust.tractian.com,Vanta,https://www.google.com/s2/favicons?domain=https://tractian.com&sz=128
Treasury Prime,https://treasuryprime.com,https://trustcenter.treasuryprime.com,Vanta,https://www.google.com/s2/favicons?domain=treasuryprime.com&sz=128
Tr√©bol,https://gotrebol.com/,https://trust.gotrebol.com,Vanta,https://www.google.com/s2/favicons?domain=https://gotrebol.com/&sz=128
TRM Labs,https://trmlabs.com/,https://trust.trmlabs.com,SafeBase,https://www.google.com/s2/favicons?domain=https://trmlabs.com/&sz=128
TrueClaim,https://www.trytrueclaim.com,https://trust.trytrueclaim.com,Oneleet,https://www.google.com/s2/favicons?domain=https://www.trytrueclaim.com&sz=128
Typeform,https://www.typeform.com/,https://trust.typeform.com/,Vanta,https://www.google.com/s2/favicons?domain=typeform.com&sz=128
UpCodes,https://up.codes/,https://trust.up.codes,Oneleet,https://www.google.com/s2/favicons?domain=https://up.codes/&sz=128
Upflow,https://upflow.io/en/,https://security.upflow.io/en,Vanta,https://www.google.com/s2/favicons?domain=upflow.io&sz=128
Vanta,https://vanta.com,https://trust.vanta.com,Vanta,https://www.google.com/s2/favicons?domain=vanta.com&sz=128
Vector,https://vector.co,https://trust.vector.co,Oneleet,https://www.google.com/s2/favicons?domain=https://vector.co&sz=128
Veles,http://www.getveles.com,https://trust.getveles.com,Vanta,https://www.google.com/s2/favicons?domain=http://www.getveles.com&sz=128
Velt,https://velt.dev,https://trust.velt.dev,Vanta,https://www.google.com/s2/favicons?domain=https://velt.dev&sz=128
Vercel,https://vercel.com/,https://security.vercel.com/,SafeBase,https://www.google.com/s2/favicons?domain=vercel.com&sz=128
Veritus Agent,https://www.veritusagent.ai,https://trust.veritusagent.ai,Vanta,https://www.google.com/s2/favicons?domain=veritusagent.ai&sz=128
Versori,https://www.versori.com/,https://trust.versori.com,Vanta,https://www.google.com/s2/favicons?domain=https://www.versori.com/&sz=128
Vespa,https://vespa.ai/,https://trust.vespa.ai/,Vanta,https://www.google.com/s2/favicons?domain=vespa.ai&sz=128
Vetcove,https://www.vetcove.com,https://trust.vetcove.com,Oneleet,https://www.google.com/s2/favicons?domain=https://www.vetcove.com&sz=128
Vidyard,http://vidyard.com,https://trust.vidyard.com,SafeBase,https://www.google.com/s2/favicons?domain=http://vidyard.com&sz=128
Vimcal,http://www.vimcal.com,https://trust.vimcal.com,HyperComply,https://www.google.com/s2/favicons?domain=http://www.vimcal.com&sz=128
Vitable Health,https://vitablehealth.com,https://trust.vitablehealth.com,Vanta,https://www.google.com/s2/favicons?domain=https://vitablehealth.com&sz=128
Vitalize,https://vitalize.care,https://trust.vitalize.care,Vanta,https://www.google.com/s2/favicons?domain=https://vitalize.care&sz=128
Voiceops,https://voiceops.com,https://trust.voiceops.com,Vanta,https://www.google.com/s2/favicons?domain=https://voiceops.com&sz=128
Voicepanel,https://voicepanel.com,https://trust.voicepanel.com,Oneleet,https://www.google.com/s2/favicons?domain=https://voicepanel.com&sz=128
Vouch,http://vouch.us,https://trust.vouch.us,Vanta,https://www.google.com/s2/favicons?domain=http://vouch.us&sz=128
Wallbit,https://wallbit.io,https://security.wallbit.io,Vanta,https://www.google.com/s2/favicons?domain=wallbit.io&sz=128
Warp,https://www.joinwarp.com/,https://trust.joinwarp.com,Oneleet,https://www.google.com/s2/favicons?domain=https://www.joinwarp.com/&sz=128
Waterplan,http://waterplan.com,https://trust.waterplan.com,Vanta,https://www.google.com/s2/favicons?domain=http://waterplan.com&sz=128
Webflow,https://webflow.com/,https://trust.webflow.com/,Anecdotes,https://www.google.com/s2/favicons?domain=webflow.com&sz=128
Wework,https://wework.com/,https://trust.wework.com/,Vanta,https://www.google.com/s2/favicons?domain=wework.com&sz=128
Whalesync,https://www.whalesync.com,https://security.whalesync.com,Vanta,https://www.google.com/s2/favicons?domain=whalesync.com&sz=128
Windmill,https://windmill.dev,https://trust.windmill.dev,Oneleet,https://www.google.com/s2/favicons?domain=https://windmill.dev&sz=128
Wispr Flow,https://wisprflow.ai/,https://trust.delve.co/wispr-flow,Delve,https://www.google.com/s2/favicons?domain=wisprflow.ai&sz=128
Wiz,https://wiz.io/,https://trust.wiz.io/,SafeBase,https://www.google.com/s2/favicons?domain=wiz.io&sz=128
Wondercraft,https://wondercraft.ai/,https://trust.wondercraft.ai,Oneleet,https://www.google.com/s2/favicons?domain=https://wondercraft.ai/&sz=128
Wordware,https://wordware.ai/,https://trust.wordware.ai,Oneleet,https://www.google.com/s2/favicons?domain=https://wordware.ai/&sz=128
Worklytics,https://www.worklytics.co,https://trust.worklytics.co,Vanta,https://www.google.com/s2/favicons?domain=https://www.worklytics.co&sz=128
WorkRamp,https://www.workramp.com,https://trust.workramp.com,SafeBase,https://www.google.com/s2/favicons?domain=https://www.workramp.com&sz=128
Zapier,https://zapier.com/,https://trust.zapier.com/,Conveyor,https://www.google.com/s2/favicons?domain=zapier.com&sz=128
Zeal,https://www.zeal.com,https://trust.zeal.com,Vanta,https://www.google.com/s2/favicons?domain=https://www.zeal.com&sz=128
Zep AI,https://www.getzep.com/,https://trust.getzep.com,Oneleet,https://www.google.com/s2/favicons?domain=https://www.getzep.com/&sz=128
zeroheight,https://zeroheight.com,https://trust.zeroheight.com,Vanta,https://www.google.com/s2/favicons?domain=https://zeroheight.com&sz=128
ZeroPath,https://zeropath.com,https://zeropath.com/trust-center,Self-hosted,https://www.google.com/s2/favicons?domain=zeropath.com&sz=128
Zip,https://ziphq.com/,https://app.ziphq.com/vendor-profile/verified/7302e692-35ff-4ade-a26a-4c375e73a409,Self-hosted,https://www.google.com/s2/favicons?domain=ziphq.com&sz=128
Zoom,https://zoom.com/,https://trust.zoom.com/,SafeBase,https://www.google.com/s2/favicons?domain=zoom.com&sz=128
Zuddl,http://www.zuddl.com,https://trust.zuddl.com,Vanta,https://www.google.com/s2/favicons?domain=http://www.zuddl.com&sz=128